Product_Url,Product Name,Old_Price,Current_Price,Prodcut_style
/gabinete-de-ba%C3%B1o-adana-miel/p,Gabinete De Baño Adana Miel ,De$ 349.990,Para$ 256.990,auxiliares-de-bano
/desague-push-negro-mate-para-lavamanos/p,Desagüe Push Negro Mate Para Lavamanos ,De$ 119.990,Para$ 105.990,auxiliares-de-bano
/griferia-monocontrol-para-lavamanos/p,Grifería Monocontrol Para Lavamanos ,De$ 399.990,Para$ 383.990,auxiliares-de-bano
/mueble-auxiliar-de-bano-ibis-36-5-41-173-blanco/p,Mueble Auxiliar De Baño Ibis Blanco ,De$ 599.990,Para$ 399.990,auxiliares-de-bano
/set-lavamanos-siena-mueble-basico-48-43-48-mitte-tambo/p,Set Lavamanos Siena+Mueble Basico Mitte/Tambo ,De$ 549.990,Para$ 434.990,auxiliares-de-bano
/mueble-auxiliar-de-ba%C3%B1o-jules-rovere/p,Mueble Auxiliar De Baño Jules Rovere ,De$ 299.990,Para$ 189.990,auxiliares-de-bano
/gabinete-de-ba%C3%B1o-perth-blanco/p,Gabinete De Baño Perth Blanco ,De$ 349.900,Para$ 239.990,auxiliares-de-bano
/mueble-aseo-lavatrapero-pro-205x49x38cm-blanco/p,Mueble Aseo+Lavatrapero Pro Blanco ,De$ 999.990,Para$ 892.990,auxiliares-de-bano
/set-lavamanos-eco-mueble-basico-gracia-sikuani/p,Set Lavamanos Eco+Mueble Básico Gracia/Sikuani ,De$ 449.990,Para$ 416.990,auxiliares-de-bano
/set-lavamanos-oslo-mueble-godai-piso-cajon-63-cm/p,Set Lavamanos Oslo+Mueble Godai Piso Cajón ,De$ 1.169.990,Para$ 1.098.990,auxiliares-de-bano
/set-lavamanos-siena-mueble-basico-48-43-48-gracia-sikuani/p,Set Lavamanos Siena+Mueble Basico Gracia/Sikuani ,De$ 549.990,Para$ 434.990,auxiliares-de-bano
/set-lavamanos-eco-mueble-rayo-48-38-40-gracia-sikuani/p,Set Lavamanos Eco+Mueble Rayo Gracia/Sikuani ,De$ 399.990,Para$ 351.990,auxiliares-de-bano
/set-lavamanos-eco-mueble-rayo-48-38-40-mitte-tambo/p,Set Lavamanos Eco+Mueble Rayo Mitte/Tambo ,De$ 399.990,Para$ 351.990,auxiliares-de-bano
/mueble-bano-oxnard-rovere-blanco/p,Mueble Baño Oxnard Rovere/Blanco ,De$ 549.990,Para$ 339.990,auxiliares-de-bano
/mueble-ba%C3%B1o-burdeos-blanco/p,Mueble Baño Burdeos Blanco ,De$ 499.990,Para$ 333.990,auxiliares-de-bano
/gabinete-de-ba%C3%B1o-lund-blanco/p,Gabinete De Baño Lund Blanco ,De$ 349.990,Para$ 256.990,auxiliares-de-bano
/gabinete-de-ba%C3%B1o-geraldton-blanco/p,Gabinete De Baño Geraldton Blanco ,De$ 299.990,Para$ 209.990,auxiliares-de-bano
/set-lavamanos-bari-mueble-macao-mitte-tambo/p,Set Lavamanos Bari+Mueble Macao Mitte/Tambo ,De$ 879.990,Para$ 703.990,auxiliares-de-bano
/set-lavamanos-bari-mueble-macao-gracia-sikuani/p,Set Lavamanos Bari+Mueble Macao Gracia/Sikuani ,De$ 879.990,Para$ 703.990,auxiliares-de-bano
/set-lavamanos-siena-mueble-macao-life-soder-mali/p,Set Lavamanos Siena+Mueble Macao Life Soder/Mali ,De$ 949.990,Para$ 784.990,auxiliares-de-bano
